date,store,cups,revenue
2026-08-01,본점,81,391700
2026-08-01,강변점,70,350700
2026-08-01,공원점,121,575500
2026-08-02,본점,87,421600
2026-08-02,강변점,87,414700
2026-08-02,공원점,122,595000
2026-08-03,본점,119,569700
2026-08-03,강변점,92,433100
2026-08-03,공원점,67,327100
2026-08-04,본점,118,542100
2026-08-04,강변점,85,416400
2026-08-04,공원점,68,324900
2026-08-05,본점,129,654500
2026-08-05,강변점,82,410200
2026-08-05,공원점,60,289600
2026-08-06,본점,103,515300
2026-08-06,강변점,99,492100
2026-08-06,공원점,63,308900
2026-08-07,본점,113,534600
2026-08-07,강변점,95,468500
2026-08-07,공원점,72,338800
2026-08-08,본점,81,406300
2026-08-08,강변점,96,471200
2026-08-08,공원점,141,659500
2026-08-09,본점,118,622200
2026-08-09,강변점,107,526900
2026-08-09,공원점,103,509800
2026-08-10,본점,114,546800
2026-08-10,강변점,87,421300
2026-08-10,공원점,81,382000
2026-08-11,본점,106,492900
2026-08-11,강변점,80,366800
2026-08-11,공원점,62,309600
2026-08-12,본점,111,537100
2026-08-12,강변점,77,371600
2026-08-12,공원점,55,258200
2026-08-13,본점,152,716300
2026-08-13,강변점,102,496600
2026-08-13,공원점,69,324500
2026-08-14,본점,139,663500
2026-08-14,강변점,106,497400
2026-08-14,공원점,70,340900
2026-08-15,본점,94,433800
2026-08-15,강변점,83,396000
2026-08-15,공원점,101,495100
2026-08-16,본점,96,432600
2026-08-16,강변점,71,327200
2026-08-16,공원점,114,582000
2026-08-17,본점,114,551500
2026-08-17,강변점,79,366800
2026-08-17,공원점,54,259000
2026-08-18,본점,134,636000
2026-08-18,강변점,105,507100
2026-08-18,공원점,70,341400
2026-08-19,본점,127,631500
2026-08-19,강변점,81,361000
2026-08-19,공원점,71,334300
2026-08-20,본점,120,606000
2026-08-20,강변점,78,383300
2026-08-20,공원점,78,379800
2026-08-21,본점,136,643400
2026-08-21,강변점,83,411300
2026-08-21,공원점,76,380700
2026-08-22,본점,92,464000
2026-08-22,강변점,87,403800
2026-08-22,공원점,85,394000
2026-08-23,본점,99,453400
2026-08-23,강변점,85,434900
2026-08-23,공원점,123,623400
2026-08-24,본점,106,469700
2026-08-24,강변점,106,486300
2026-08-24,공원점,71,343100
2026-08-25,본점,106,533500
2026-08-25,강변점,107,522500
2026-08-25,공원점,70,338000
2026-08-26,본점,104,495500
2026-08-26,강변점,89,415800
2026-08-26,공원점,77,353100
2026-08-27,본점,113,504200
2026-08-27,강변점,95,466600
2026-08-27,공원점,75,392800
2026-08-28,본점,134,624300
2026-08-28,강변점,119,554800
2026-08-28,공원점,77,378200
2026-08-29,본점,80,400700
2026-08-29,강변점,94,459300
2026-08-29,공원점,103,514500
2026-08-30,본점,81,367200
2026-08-30,강변점,105,497300
2026-08-30,공원점,113,575000
2026-08-31,본점,136,665700
2026-08-31,강변점,102,478500
2026-08-31,공원점,76,377500
