order_id,ordered_at,store,member_id,menu,price,qty
1,2026-08-01 08:12,본점,101,아메리카노,4500,2
1,2026-08-01 08:12,본점,101,치즈케이크,"6,500원",1
2,2026-08-01 12:40,본점,102,카페라떼,5000,1
2,2026-08-01 12:40,본점,102,카페라떼,5000,1
3,2026/08/02 09:05,강변점,,아메리카노,4500,1
3,2026/08/02 09:05,강변점,,버터쿠키,"3,000원",2
4,2026-08-03 15:30, 강변점,103,콜드브루,5000,2
4,2026-08-03 15:30, 강변점,103,초코케이크,6500,1
5,2026-08-05 10:00,공원점,101,바닐라라떼,"5,500원",1
6,2026-08-07 19:20,본점 ,104,말차라떼,5500,1
6,2026-08-07 19:20,본점 ,104,밤 마들렌,3500,3
7,2026/08/08 11:11,공원점,,딸기 에이드,"6,000원",2
8,2026-08-10 08:45,본점,105,아메리카노,4500,1
8,2026-08-10 08:45,본점,105,콜드브루 라떼,5500,
9,2026-08-12 13:00, 강변점,103,카페라떼,"5,000원",3
10,2026/08/15 16:25,공원점,107,딸기 에이드,6000,1
10,2026/08/15 16:25,공원점,107,치즈케이크,6500,2
10,2026/08/15 16:25,공원점,107,딸기 에이드,6000,1
11,2026-08-20 09:30,본점,101,아메리카노,"4,500원",1
11,2026-08-20 09:30,본점,101,버터쿠키,3000,1
12,2026-08-22 14:10,강변점,106,콜드브루 라떼,5500,2
